mention_id	unique_id	uuid	patent_id	inventor_id	rawlocation_id	name_first	name_last	sequence	rule_47	deceased	id	location_id	city	state	country	latlong	name	homonomy	var_count	is_var	file
US4859157-0	123	66h0gj0obxe6un531s4y0w8ik	4859157.0	fl:da_ln:adler-7	rtxx7k9pc8tbhuky1z5wpc3ya	Dan	Adler	0.0	False	False	rtxx7k9pc8tbhuky1z5wpc3ya	fb7d135a-cb8f-11eb-9615-121df0c29c1e	Haifa		IL	32.8003|35.0085	Dan Adler	1	0	0	A
US5585601-0	124	zp84lziwo17h7a3d7jqmms271	5585601.0	fl:da_ln:adler-7	eo2uvdfs4qryea2zakw2l3wpa	Dan	Adler	0.0	False	False	eo2uvdfs4qryea2zakw2l3wpa	e832a61b-cb8f-11eb-9615-121df0c29c1e	Ashdod		IL	31.8074|34.6525	Dan Adler	1	0	0	A
US4857325-0	279	6x1vj5d046cbi39ec0znqdyea	4857325.0	fl:mi_ln:albeck-1	tbtg3mq4y4s8l28hykx653prg	Michael	Albeck	0.0	False	False	tbtg3mq4y4s8l28hykx653prg	fe9ae00e-09bd-11ec-893a-12de62d610b1	Ramat-Gan		IL	32.071|34.827	Michael Albeck	1	0	0	A
US5124167-0	292	toj91j19ho5c6krj8fbewdnac	5124167.0	fl:mi_ln:albeck-1	kr630mzrl0o6opfp4c81szyaj	Michael	Albeck	0.0	False	False	kr630mzrl0o6opfp4c81szyaj	fe9ae00e-09bd-11ec-893a-12de62d610b1	Ramat Gan		IL	32.071|34.827	Michael Albeck	1	0	0	A
US4364914-2	306	kld5njis5ljhj8k9s9704kztc	4364914.0	fl:am_ln:alexandron-1	kc27yjuvdapke9lrr515w194v	Amiad	Alexandron	2.0	False	False	kc27yjuvdapke9lrr515w194v	fb7d135a-cb8f-11eb-9615-121df0c29c1e	Haifa		IL	32.8003|35.0085	Amiad Alexandron	1	0	0	A
US4378342-2	307	ylg0s81uvr4ooyy7jbqnor2p4	4378342.0	fl:am_ln:alexandron-1	ln3622fg24ingix46wnpp2a37	Amiad	Alexandron	2.0	False	False	ln3622fg24ingix46wnpp2a37	fb7d135a-cb8f-11eb-9615-121df0c29c1e	Haifa		IL	32.8003|35.0085	Amiad Alexandron	1	0	0	A
US4437263-1	470	v1swbfsfisv27okzbztffpp3c	4437263.0	fl:ab_ln:amiel-1	chj7b1r7pv64mdbabv4j416bw	Abraham J.	Amiel	1.0	False	False	chj7b1r7pv64mdbabv4j416bw	67db94e2-cb90-11eb-9615-121df0c29c1e	Moshav Ramot Meir		IL	31.8746|34.8558	Abraham J. Amiel	1	0	0	A
US5870615-0	1155	wsipr1pjqegkvo1kgq0fmjjxa	5870615.0	fl:da_ln:baron-4	z5kn6e8ce7hmxlmb0g6uksi1f	David	Bar-On	0.0	False	False	z5kn6e8ce7hmxlmb0g6uksi1f	f1c2db57-cb90-11eb-9615-121df0c29c1e	Givat Ela		IL	32.7209|35.2449	David Bar-On	1	0	0	A
US5351858-0	1186	c64vyd2zi2b8py84xiq1lw9uq	5351858.0	fl:it_ln:baryona-2	co47l5yt0t3q7mhj6q0moq88y	Itzhak	Bar-Yona	0.0	False	False	co47l5yt0t3q7mhj6q0moq88y	7fcc79cd-cb8e-11eb-9615-121df0c29c1e	Neve Monoson		IL	32.0295|34.8718	Itzhak Bar-Yona	1	0	0	A
US5381911-1	1187	sh1t3rhfbvcf2fwxxw0e66z2v	5381911.0	fl:it_ln:baryona-2	fiqz98lo2i552dojjp9qzc41d	Itzhak	Bar-Yona	1.0	False	False	fiqz98lo2i552dojjp9qzc41d	7fcc79cd-cb8e-11eb-9615-121df0c29c1e	Neve Monoson		IL	32.0295|34.8718	Itzhak Bar-Yona	1	0	0	A
US5764741-0	1202	5yz2qjywesa8bf88cy0v7o393	5764741.0	fl:gi_ln:barak-5	xb2wvqbb4ho8lekm5yont8v77	Gideon	Barak	0.0	False	False	xb2wvqbb4ho8lekm5yont8v77	fdce9822-cb8e-11eb-9615-121df0c29c1e	Raanana		ILX	32.1863|34.8692	Gideon Barak	1	0	0	A
US5862203-1	1204	2qtqmq1ppzzbz6hx4vwiuix17	5862203.0	fl:gi_ln:barak-5	08pitl12qgto4m7j2t4pavtrz	Gideon	Barak	1.0	False	False	08pitl12qgto4m7j2t4pavtrz	fdce9822-cb8e-11eb-9615-121df0c29c1e	Raanana		IL	32.1863|34.8692	Gideon Barak	1	0	0	A
US5284867-4	1723	gy8hosvfw7mj8pxhd3b6zvaxq	5284867.0	fl:si_ln:benita-1	ia3o1skxcgm1tjhmokouwhyl9	Simon	Benita	4.0	False	False	ia3o1skxcgm1tjhmokouwhyl9	f9f856e0-09bb-11ec-893a-12de62d610b1	Mevasseret Zion		IL	31.7705|35.2293	Simon Benita	1	0	0	A
US5364632-0	1724	1vnmq6jxiecp2t0ezhl0ooefr	5364632.0	fl:si_ln:benita-1	pzqwk4d8pak6c5d5v0ehdu4g8	Simon	Benita	0.0	False	False	pzqwk4d8pak6c5d5v0ehdu4g8	e7275ca8-cb8f-11eb-9615-121df0c29c1e	Jerusalem		IL	31.7959|35.212	Simon Benita	1	0	0	A
US5965160-0	1725	x116h5eod4a2w7yfehpeiurx1	5965160.0	fl:si_ln:benita-1	50etgqzoeezhfmjqf6jtm7ku1	Simon	Benita	0.0	False	False	50etgqzoeezhfmjqf6jtm7ku1	f9f856e0-09bb-11ec-893a-12de62d610b1	Mevasseret Zion		IL	31.7705|35.2293	Simon Benita	1	0	0	A
US6007826-0	1726	6otx1vfnrq9ek7ka0lbxtcam4	6007826.0	fl:si_ln:benita-1	szfx9dmvskqq9t7roqapn4bgr	Simon	Benita	0.0	False	False	szfx9dmvskqq9t7roqapn4bgr	f9f856e0-09bb-11ec-893a-12de62d610b1	Mevasseret Sion		IL		Simon Benita	1	0	0	A
US4516018-0	2223	x0fp0auq7hap11ycgm6x0zhb9	4516018.0	fl:jo_ln:bodenheimer-1	l8cn73atpkd4ixkzc2dzfp8k8	Joseph S.	Bodenheimer	0.0	False	False	l8cn73atpkd4ixkzc2dzfp8k8	e7275ca8-cb8f-11eb-9615-121df0c29c1e	Jerusalem		IL	31.7959|35.212	Joseph S. Bodenheimer	1	0	0	A
US4806013-0	2224	w07q703cp50tw28e0qen31rz1	4806013.0	fl:jo_ln:bodenheimer-1	yyfiea52pqlxn42zyz3vpro6d	Joseph S.	Bodenheimer	0.0	False	False	yyfiea52pqlxn42zyz3vpro6d	e7275ca8-cb8f-11eb-9615-121df0c29c1e	Jerusalem		IL	31.7959|35.212	Joseph S. Bodenheimer	1	0	0	A
US5072313-1	2225	q2en4wgq456iaii9ozx6gw351	5072313.0	fl:jo_ln:bodenheimer-1	0qs8tdp6yig61s8kxavro5omc	Joseph S.	Bodenheimer	1.0	False	False	0qs8tdp6yig61s8kxavro5omc	e7275ca8-cb8f-11eb-9615-121df0c29c1e	Jerusalem		IL	31.7959|35.212	Joseph S. Bodenheimer	1	0	0	A
US5624508-1	2609	4qejn4sj147fox5nwcv0pj0i2	5624508.0	fl:na_ln:budigina-3	er31hlgskxfnlexywdmueawfk	Nathaly	Budigina	1.0	False	False	er31hlgskxfnlexywdmueawfk	dd9b3d11-09bc-11ec-893a-12de62d610b1	Holon 58824		IL	32.014|34.7868	Nathaly Budigina	1	0	0	A
US5667522-1	2610	7l3o6j3ebt0abfxe1m964ra84	5667522.0	fl:na_ln:budigina-3	7s7754q787w4ya3l5tczn9wxq	Nathaly	Budigina	1.0	False	False	7s7754q787w4ya3l5tczn9wxq	dd9b3d11-09bc-11ec-893a-12de62d610b1	Holon		IL	32.014|34.7868	Nathaly Budigina	1	0	0	A
US5876434-1	2611	yvwkka8q5esoiktn9zhzpfjje	5876434.0	fl:na_ln:budigina-3	9gfwzhvi85zp9y87v23oq07gg	Nathaly	Budigina	1.0	False	False	9gfwzhvi85zp9y87v23oq07gg	dd9b3d11-09bc-11ec-893a-12de62d610b1	Holon		IL	32.014|34.7868	Nathaly Budigina	1	0	0	A
US5882444-1	2612	yjn3k1a3flyehnm3bjewzzeqa	5882444.0	fl:na_ln:budigina-3	9jke8ycqi4ipdy9na2vvvit3z	Nathaly	Budigina	1.0	False	False	9jke8ycqi4ipdy9na2vvvit3z	dd9b3d11-09bc-11ec-893a-12de62d610b1	Holon		IL	32.014|34.7868	Nathaly Budigina	1	0	0	A
US5964770-1	2613	grtqdyeyrgr5s82swtjpoh7ip	5964770.0	fl:na_ln:budigina-3	1a9gseg2m7yq1thwi3lgbif7r	Nathaly	Budigina	1.0	False	False	1a9gseg2m7yq1thwi3lgbif7r	dd9b3d11-09bc-11ec-893a-12de62d610b1	Holon		IL	32.014|34.7868	Nathaly Budigina	1	0	0	A
US4966701-1	2686	bi3lt1bkafplpbbwgkax5v6sy	4966701.0	fl:ur_ln:cagan-1	5tylqzypdqau06urj123rornq	Uri	Cagan	1.0	False	False	5tylqzypdqau06urj123rornq	46084ab6-cb8e-11eb-9615-121df0c29c1e	Kibbutz Amiad		IL		Uri Cagan	1	0	0	A
US5076942-1	2688	siox9f9s69tuibr7r8gnte1vc	5076942.0	fl:ur_ln:cagan-1	9eb6qvnpkf07wvmnhyfl3qrat	Uri	Cagan	1.0	False	False	9eb6qvnpkf07wvmnhyfl3qrat	46084ab6-cb8e-11eb-9615-121df0c29c1e	Kibbutz Amiad		IL		Uri Cagan	1	0	0	A
US4315973-2	2694	j4113ctiujmc3qs5asi7cli8e	4315973.0	fl:da_ln:cahen-1	tt2f8k6ykipu3344owtcsp1cc	David	Cahen	2.0	False	False	tt2f8k6ykipu3344owtcsp1cc	e5e5aff8-09bd-11ec-893a-12de62d610b1	Rehovot		IL	31.8947|34.8044	David Cahen	1	0	0	A
US4897193-0	2704	auu7fhsa7zodpwpyco39r06a0	4897193.0	fl:mi_ln:cais-1	ljis4163rcdk7tta2rxrhizs8	Michael	Cais	0.0	False	False	ljis4163rcdk7tta2rxrhizs8	fb7d135a-cb8f-11eb-9615-121df0c29c1e	Haifa		IL	32.8003|35.0085	Michael Cais	1	0	0	A
US4454231-0	2706	cw3bjd9lx9722v3jxwcpg8j9r	4454231.0	fl:mi_ln:cais-1	zq7xsectjtadp2epek3nne7rj	Michael	Cais	0.0	False	False	zq7xsectjtadp2epek3nne7rj	fb7d135a-cb8f-11eb-9615-121df0c29c1e	Haifa		IL	32.8003|35.0085	Michael Cais	1	0	0	A
US5007586-0	2910	npw9iwjnnukhoj5flrrx1xwba	5007586.0	fl:am_ln:cohen-12	dtjwaon5018lfmrs8xqylsggl	Amir	Cohen	0.0	False	False	dtjwaon5018lfmrs8xqylsggl	ffd1f909-cb8f-11eb-9615-121df0c29c1e	Tuvalium		IL		Amir Cohen	1	0	0	A
US5044742-0	2913	92vaka02rwvhnjj8i8mura3q6	5044742.0	fl:am_ln:cohen-12	tflqdcx1v9g7u39visupw71oe	Amir	Cohen	0.0	False	False	tflqdcx1v9g7u39visupw71oe	fb7d135a-cb8f-11eb-9615-121df0c29c1e	Haifa		IL	32.8003|35.0085	Amir Cohen	1	0	0	A
US5236376-0	2917	9udyottmvypk5n7p7pulksc02	5236376.0	fl:am_ln:cohen-12	e28o1wmk2ann9s06ft3xcoefa	Amir	Cohen	0.0	False	False	e28o1wmk2ann9s06ft3xcoefa	d74ffa2a-cb8e-11eb-9615-121df0c29c1e	Moshav Be'er Tuvia, 70996		IL	31.7381|34.6926	Amir Cohen	1	0	0	A
US5780034-0	3045	gfhn28jxayyoebh8cmj6i81jk	5780034.0	fl:ir_ln:cohen-1	ir01fed5gvfhd3r9fytbtjk6q	Irun R.	Cohen	0.0	False	False	ir01fed5gvfhd3r9fytbtjk6q	e5e5aff8-09bd-11ec-893a-12de62d610b1	Rehovot		ILX	31.8947|34.8044	Irun R. Cohen	1	0	0	A
US5869058-0	3047	ojp9dlrpjkv983z1km1vylx3w	5869058.0	fl:ir_ln:cohen-1	8p0ko2msz2s6qr08oat9d8sst	Irun R.	Cohen	0.0	False	False	8p0ko2msz2s6qr08oat9d8sst	e5e5aff8-09bd-11ec-893a-12de62d610b1	Rehovot		IL	31.8947|34.8044	Irun R. Cohen	1	0	0	A
US5752880-2	3120	ovt0eckyb4l6p0q8t542io6f7	5752880.0	fl:mo_ln:cohen-17	udx2tm0dh6wscv43lpwe0jldz	Moshe	Cohen	2.0	False	False	udx2tm0dh6wscv43lpwe0jldz	e67cdd38-cb8e-11eb-9615-121df0c29c1e	Tel Aviv		ILX	32.0887|34.7831	Moshe Cohen	1	0	0	A
US5812054-0	3121	6aw37j126cgcynh3p4e94sc1p	5812054.0	fl:mo_ln:cohen-17	99fq6fy449vthqq0z5z8ib150	Moshe	Cohen	0.0	False	False	99fq6fy449vthqq0z5z8ib150	e67cdd38-cb8e-11eb-9615-121df0c29c1e	Tel-Aviv		ILX	32.0887|34.7831	Moshe Cohen	1	0	0	A
US5864714-1	3126	zkx88hkv5br5dh6j8ka5zmd3d	5864714.0	fl:ro_ln:cohen-25	vbpw8zqtz0z0r5n2ahw75h9m9	Ron	Cohen	1.0	False	False	vbpw8zqtz0z0r5n2ahw75h9m9	fbc1d302-cb8e-11eb-9615-121df0c29c1e	Ramat Hasharon		IL	32.1353|34.8304	Ron Cohen	1	0	0	A
US4445175-0	3242	bgulhuk1wf3h44ph9li26qi2n	4445175.0	fl:yi_ln:cohen-1	016b86l7e7x1xgkcd5tfdugtj	Yitzhak	Cohen	0.0	False	False	016b86l7e7x1xgkcd5tfdugtj	effe2f66-cb8e-11eb-9615-121df0c29c1e	Yahud		IL	32.0332|34.8908	Yitzhak Cohen	1	0	0	A
US5452465-3	3243	si4sedjzinmad46phidnuw62i	5452465.0	fl:yi_ln:cohen-1	ilwtcjsx6voroub5olnw7choh	Yitzhak	Cohen	3.0	False	False	ilwtcjsx6voroub5olnw7choh	effe2f66-cb8e-11eb-9615-121df0c29c1e	Yahud		IL	32.0332|34.8908	Yitzhak Cohen	1	0	0	A
US5481541-2	3244	o3chlrbhcqey62emh3mfrirmv	5481541.0	fl:yi_ln:cohen-1	zyyfxbqp4pd8lgyv8teqsiy9w	Yitzhak	Cohen	2.0	False	False	zyyfxbqp4pd8lgyv8teqsiy9w	effe2f66-cb8e-11eb-9615-121df0c29c1e	Yahud		IL	32.0332|34.8908	Yitzhak Cohen	1	0	0	A
US5487955-2	3539	9j7phxbzpyhc4osoz04prpzhc	5487955.0	fl:bo_ln:dechovich-1	62ybu5xk4fuhy3clqqwa3ffgc	Boris	Dechovich	2.0	False	False	62ybu5xk4fuhy3clqqwa3ffgc	e7275ca8-cb8f-11eb-9615-121df0c29c1e	Jerusalem		IL	31.7959|35.212	Boris Dechovich	1	0	0	A
US5845520-0	3666	unev6uonbv2giaus037lsyh90	5845520.0	fl:mo_ln:dolev-1	vlw5ei4fx4sffmdocj2kqzf1o	Moshe	Dolev	0.0	False	False	vlw5ei4fx4sffmdocj2kqzf1o	fdce9822-cb8e-11eb-9615-121df0c29c1e	Raanana		ILX	32.1863|34.8692	Moshe Dolev	1	0	0	A
US5112341-0	3667	12mnoc4fc3g9y8rmwn9gpc0ld	5112341.0	fl:mo_ln:doley-1	r9mwknvasxdy7qa7ug29mhggw	Moshe	Doley	0.0	False	False	r9mwknvasxdy7qa7ug29mhggw	fbc1d302-cb8e-11eb-9615-121df0c29c1e	Ramat Hasharon		IL	32.1353|34.8304	Moshe Doley	1	0	0	A
US5370614-2	3814	lvxucasf3pdb7c341hr1lw28c	5370614.0	fl:mi_ln:dror-2	qe8gvzbgth5j9gy0tg6rk8fmg	Michael	Dror	2.0	False	False	qe8gvzbgth5j9gy0tg6rk8fmg	d9bae762-cb8f-11eb-9615-121df0c29c1e	Edina	MN	US	44.895|-93.36	Michael Dror	1	0	0	A
US5103090-1	3815	x4ci7e86mry9hvrkidyi2cr77	5103090.0	fl:mi_ln:dror-1	uiqlh5hkost34pb85gg2xrtw6	Michael	Dror	1.0	False	False	uiqlh5hkost34pb85gg2xrtw6	e67cdd38-cb8e-11eb-9615-121df0c29c1e	Tel Aviv		IL	32.0887|34.7831	Michael Dror	1	0	0	A
US5438300-1	3985	wkxx1qnczm7ddfc01emdpm5vw	5438300.0	fl:av_ln:efendovich-1	k18vgjhn7xvh40we2mpesjs7e	Avner	Efendovich	1.0	False	False	k18vgjhn7xvh40we2mpesjs7e	e7275ca8-cb8f-11eb-9615-121df0c29c1e	Jerusalem		IL	31.7959|35.212	Avner Efendovich	1	0	0	A
US5553100-2	3987	6m4t392rhvespv3seef0547w6	5553100.0	fl:av_ln:efendovich-1	mh2lnzqazkpofgzv7dcb6yj5r	Avner	Efendovich	2.0	False	False	mh2lnzqazkpofgzv7dcb6yj5r	e7275ca8-cb8f-11eb-9615-121df0c29c1e	Jerusalem		IL	31.7959|35.212	Avner Efendovich	1	0	0	A
US5407255-0	4606	jr7zlfkrqas5zf1m5g61gae2p	5407255.0	fl:jo_ln:feldman-19	utnak05aj2t0prznnhnwbcnvi	Joseph	Feldman	0.0	False	False	utnak05aj2t0prznnhnwbcnvi	e67cdd38-cb8e-11eb-9615-121df0c29c1e	Tel Aviv		IL	32.0887|34.7831	Joseph Feldman	1	0	0	A
US5240144-0	4607	gefq9p28f31b7a8wq8r0mrgz4	5240144.0	fl:jo_ln:feldman-19	v1v5qblvsu2749xfi3fowpldf	Joseph	Feldman	0.0	False	False	v1v5qblvsu2749xfi3fowpldf	e67cdd38-cb8e-11eb-9615-121df0c29c1e	Tel-Aviv		IL	32.0887|34.7831	Joseph Feldman	1	0	0	A
US4996276-0	4932	qddq351ofz9l2iwv6kabihu2q	4996276.0	fl:th_ln:fishler-2	08vn7oshoxtsrald08tkyb6he	Theodor-Morel	Fishler	0.0	False	False	08vn7oshoxtsrald08tkyb6he	fb7d135a-cb8f-11eb-9615-121df0c29c1e	Haifa		IL	32.8003|35.0085	Theodor-Morel Fishler	1	0	0	A
US5072028-0	4933	v5gzpo3h4a6ukfetvms5gnqoy	5072028.0	fl:th_ln:fishler-2	jmpzbnigtxh9kkvu270ltoay1	Theodor-Morel	Fishler	0.0	False	False	jmpzbnigtxh9kkvu270ltoay1	fb7d135a-cb8f-11eb-9615-121df0c29c1e	Haifa		IL	32.8003|35.0085	Theodor-Morel Fishler	1	0	0	A
US5078918-0	4934	sjdmov5xeaix1wmy9au5gqpj5	5078918.0	fl:th_ln:fishler-2	pv47ij17063ihntnccxfuaal7	Theodor-Morel	Fishler	0.0	False	False	pv47ij17063ihntnccxfuaal7	fb7d135a-cb8f-11eb-9615-121df0c29c1e	Haifa		IL	32.8003|35.0085	Theodor-Morel Fishler	1	0	0	A
US5257294-1	5474	d13hxkkv85nq4vcyclua5sq2s	5257294.0	fl:ra_ln:fried-2	qh8vd0tt8xswbczcgztxy8gtq	Rafael	Fried	1.0	False	False	qh8vd0tt8xswbczcgztxy8gtq	fb7d135a-cb8f-11eb-9615-121df0c29c1e	Haifa		IL	32.8003|35.0085	Rafael Fried	1	0	0	A
US5614851-1	5476	819uilfx74zoebsh9g2ei9dj9	5614851.0	fl:ra_ln:fried-2	29uo101zz7qbyqzvhibhwwix0	Rafael	Fried	1.0	False	False	29uo101zz7qbyqzvhibhwwix0	dacf0d31-cb8e-11eb-9615-121df0c29c1e	Caesarea		IL	32.5115|34.9058	Rafael Fried	1	0	0	A
US4856597-0	5884	ouia7zrww5m8lco1iw790saso	4856597.0	fl:sh_ln:gal-1	83yeuwnr2kx8co0werydrk5pv	Shmuel	Gal	0.0	False	False	83yeuwnr2kx8co0werydrk5pv	e67cdd38-cb8e-11eb-9615-121df0c29c1e	Tel Aviv		IL	32.0887|34.7831	Shmuel Gal	1	0	0	A
US5729732-0	5885	vpqhl2dm8eo70wjo6wmrj2hv7	5729732.0	fl:sh_ln:gal-1	hg8bn5dp6lka53gdkyufgls9c	Shmuel	Gal	0.0	False	False	hg8bn5dp6lka53gdkyufgls9c	fb7d135a-cb8f-11eb-9615-121df0c29c1e	Haifa		ILX	32.8003|35.0085	Shmuel Gal	1	0	0	A
US5555436-0	6005	944yr4f5nutizu52oqgviyqa2	5555436.0	fl:da_ln:gavish-1	uol566a4zsudsjc9tahqmklyn	Dan	Gavish	0.0	False	False	uol566a4zsudsjc9tahqmklyn	fb7d135a-cb8f-11eb-9615-121df0c29c1e	Haifa		IL	32.8003|35.0085	Dan Gavish	1	0	0	A
US5696993-0	6008	d8uejp1yph1hyb91bkrrbgw8c	5696993.0	fl:da_ln:gavish-1	fp3rwbtkfhcjexmckb4x8js0o	Dan	Gavish	0.0	False	False	fp3rwbtkfhcjexmckb4x8js0o	fb7d135a-cb8f-11eb-9615-121df0c29c1e	Haifa		ILX	32.8003|35.0085	Dan Gavish	1	0	0	A
US5734274-0	6009	zapihxq5wgadlbjdb3c7vhxy9	5734274.0	fl:da_ln:gavish-1	es0rkckful5rvo6cyd63tnwdt	Dan	Gavish	0.0	False	False	es0rkckful5rvo6cyd63tnwdt	fb7d135a-cb8f-11eb-9615-121df0c29c1e	Haifa		ILX	32.8003|35.0085	Dan Gavish	1	0	0	A
US5646525-0	6222	aelflbh3p2af7sysashkrh92i	5646525.0	fl:pi_ln:gilboa-1	vjtt8p8x9mqfu1e7l4h44t7bp	Pinhas	Gilboa	0.0	False	False	vjtt8p8x9mqfu1e7l4h44t7bp	fb7d135a-cb8f-11eb-9615-121df0c29c1e	Haifa		IL	32.8003|35.0085	Pinhas Gilboa	1	0	0	A
US5646785-0	6225	0xk5cify6oz104rgltvx92vob	5646785.0	fl:pi_ln:gilboa-1	n3t7kqdjyzpcm86niacazdp6j	Pinhas	Gilboa	0.0	False	False	n3t7kqdjyzpcm86niacazdp6j	fb7d135a-cb8f-11eb-9615-121df0c29c1e	Haifa		IL	32.8003|35.0085	Pinhas Gilboa	1	0	0	A
US4442670-0	6535	hhumdmgzm3j9hvgo9jcbf3dhn	4442670.0	fl:ja_ln:goldman-11	56ctaqt7km990qjb1s4n5c2px	Jacob	Goldman	0.0	False	False	56ctaqt7km990qjb1s4n5c2px	fb7d135a-cb8f-11eb-9615-121df0c29c1e	Haifa		IL	32.8003|35.0085	Jacob Goldman	1	0	0	A
US4700703-1	6536	bf0rbsaesskm9xr395mkcrw49	4700703.0	fl:ja_ln:goldman-11	g1j4t0lrdwbx1aqpgw2hn9y4y	Jacob	Goldman	1.0	False	False	g1j4t0lrdwbx1aqpgw2hn9y4y	3ea28ff3-cb8e-11eb-9615-121df0c29c1e	Naharya		IL		Jacob Goldman	1	0	0	A
US4759382-0	7856	pscbohmgjxe3ncwlseqxgolib	4759382.0	fl:ze_ln:harel-2	n24ud04r3eek3u4jy0s3ryu56	Zeev	Harel	0.0	False	False	n24ud04r3eek3u4jy0s3ryu56	e67cdd38-cb8e-11eb-9615-121df0c29c1e	Tel Aviv		IL	32.0887|34.7831	Zeev Harel	1	0	0	A
US5256972-2	7857	k0zuzvaoljp4eoki4in6484pf	5256972.0	fl:ze_ln:harel-2	33p2e38u2tjcal142afol1yzd	Zeev	Harel	2.0	False	False	33p2e38u2tjcal142afol1yzd	42adf228-cb8e-11eb-9615-121df0c29c1e	Natanya		IL		Zeev Harel	1	0	0	A
US3999990-0	8609	q7cqfjqu612vum2e05sdvqu9e	3999990.0	fl:me_ln:janai-1	0xnngn6lrncgwpoy0ueniv0wa	Meir	Janai	0.0	False	False	0xnngn6lrncgwpoy0ueniv0wa	fb7d135a-cb8f-11eb-9615-121df0c29c1e	Haifa		IL	32.8003|35.0085	Meir Janai	1	0	0	A
US5049969-1	8610	pkkkjz6fxthfncsjjiml5uhav	5049969.0	fl:me_ln:janai-1	93afjf3l95x5ch70wnj798rb3	Meir	Janai	1.0	False	False	93afjf3l95x5ch70wnj798rb3	fb7d135a-cb8f-11eb-9615-121df0c29c1e	Haifa		IL	32.8003|35.0085	Meir Janai	1	0	0	A
US5565758-1	8611	13can495zemj1k4tsxq03o2td	5565758.0	fl:me_ln:janai-1	k9hyrdwzzi85v8h4vb2p9ig4f	Meir	Janai	1.0	False	False	k9hyrdwzzi85v8h4vb2p9ig4f	fb7d135a-cb8f-11eb-9615-121df0c29c1e	Haifa		IL	32.8003|35.0085	Meir Janai	1	0	0	A
US5751165-2	8612	7ayge6jc64d476n5lpmttkiml	5751165.0	fl:me_ln:janai-1	pdk7n76gc4pfr6m37fjyxv1lj	Meir	Janai	2.0	False	False	pdk7n76gc4pfr6m37fjyxv1lj	fb7d135a-cb8f-11eb-9615-121df0c29c1e	Haifa		ILX	32.8003|35.0085	Meir Janai	1	0	0	A
US5818728-1	8613	39oj1p3p02e598k7muzq91h8p	5818728.0	fl:me_ln:janai-1	8g1lg90ocp5u40irwfbkeb6zk	Meir	Janai	1.0	False	False	8g1lg90ocp5u40irwfbkeb6zk	fb7d135a-cb8f-11eb-9615-121df0c29c1e	Haifa		ILX	32.8003|35.0085	Meir Janai	1	0	0	A
US5861641-2	8614	jydytzmfy784qimi4wua70lsj	5861641.0	fl:me_ln:janai-1	xpsrtfykitcech62cphvkeo08	Meir	Janai	2.0	False	False	xpsrtfykitcech62cphvkeo08	fb7d135a-cb8f-11eb-9615-121df0c29c1e	Haifa		IL	32.8003|35.0085	Meir Janai	1	0	0	A
US4875971-1	8615	0vi0rx7c9smg0l96imoqg34n7	4875971.0	fl:me_ln:janai-1	6wclb79f43jds0krciidmr5cc	Meir I.	Janai	1.0	False	False	6wclb79f43jds0krciidmr5cc	fb7d135a-cb8f-11eb-9615-121df0c29c1e	Haifa		IL	32.8003|35.0085	Meir I. Janai	1	0	0	A
US4933738-1	8616	yv379x4tvowghqul8xfddizt1	4933738.0	fl:me_ln:janai-1	9qk0e9vg1mns98hei78olzr4u	Meir I.	Janai	1.0	False	False	9qk0e9vg1mns98hei78olzr4u	fb7d135a-cb8f-11eb-9615-121df0c29c1e	Haifa		IL	32.8003|35.0085	Meir I. Janai	1	0	0	A
US4960729-1	8617	dqwm3szwz0asqcq3x1m8j3bhj	4960729.0	fl:me_ln:janai-1	uxvpryhjlv6v408wgftoi3gkj	Meir I.	Janai	1.0	False	False	uxvpryhjlv6v408wgftoi3gkj	fb7d135a-cb8f-11eb-9615-121df0c29c1e	Haifa		IL	32.8003|35.0085	Meir I. Janai	1	0	0	A
US5111273-1	8618	4z8yrj2awynra8dnbax28jv4s	5111273.0	fl:me_ln:janai-1	3snc7x6eybgpmmzx6xrf7x704	Meir I.	Janai	1.0	False	False	3snc7x6eybgpmmzx6xrf7x704	fb7d135a-cb8f-11eb-9615-121df0c29c1e	Haifa		IL	32.8003|35.0085	Meir I. Janai	1	0	0	A
US5329152-0	8619	7m0h5gpzblgiihwmpgb9fj2hp	5329152.0	fl:me_ln:janai-1	bfroepul828vw7ka2gkwzhha9	Meir I.	Janai	0.0	False	False	bfroepul828vw7ka2gkwzhha9	fb7d135a-cb8f-11eb-9615-121df0c29c1e	Haifa		IL	32.8003|35.0085	Meir I. Janai	1	0	0	A
US5367392-0	8620	ald631rvkehu0i48u3c85xfw2	5367392.0	fl:me_ln:janai-1	rkn34uqnqto2mfz4dqzrr0bjv	Meir I.	Janai	0.0	False	False	rkn34uqnqto2mfz4dqzrr0bjv	fb7d135a-cb8f-11eb-9615-121df0c29c1e	Haifa		IL	32.8003|35.0085	Meir I. Janai	1	0	0	A
US5541814-0	8621	9u2wibu0zlh39z66nm6zw1d7f	5541814.0	fl:me_ln:janai-1	z8yh3ifh97ayi4o3de5doqldm	Meir I.	Janai	0.0	False	False	z8yh3ifh97ayi4o3de5doqldm	fb7d135a-cb8f-11eb-9615-121df0c29c1e	Haifa		IL	32.8003|35.0085	Meir I. Janai	1	0	0	A
US5619062-0	8622	te7x5xg73p9pllwv80rbmc42g	5619062.0	fl:me_ln:janai-1	3uy4egqyhg2la4iu0vj5nyz17	Meir I.	Janai	0.0	False	False	3uy4egqyhg2la4iu0vj5nyz17	fb7d135a-cb8f-11eb-9615-121df0c29c1e	Haifa		IL	32.8003|35.0085	Meir I. Janai	1	0	0	A
US5679967-0	8623	qgxkr3ghe3ph9bergqo80ong9	5679967.0	fl:me_ln:janai-1	q1atnwdp5dt9ozjnnzshvkw6f	Meir I.	Janai	0.0	False	False	q1atnwdp5dt9ozjnnzshvkw6f	fb7d135a-cb8f-11eb-9615-121df0c29c1e	Haifa		ILX	32.8003|35.0085	Meir I. Janai	1	0	0	A
US5574872-2	8690	5leypgyi3025m24odhvm5o450	5574872.0	fl:mi_ln:kagan-8	kf6wo2v5p6cq16wvw9xxnvdtz	Michael	Kagan	2.0	False	False	kf6wo2v5p6cq16wvw9xxnvdtz	df1707ed-cb8e-11eb-9615-121df0c29c1e	Maale Hagalil		IL	32.9736|35.4459	Michael Kagan	1	0	0	A
US5618045-0	8694	5hj28130pm0lhg34rhhh44680	5618045.0	fl:mi_ln:kagan-7	ty46wu8inhis2v9g30vayk12a	Michael	Kagan	0.0	False	False	ty46wu8inhis2v9g30vayk12a	e7275ca8-cb8f-11eb-9615-121df0c29c1e	Jerusalem 93184		IL	31.7959|35.212	Michael Kagan	1	0	0	A
US5922378-0	8696	c8yxc195hyg1cl4rdyjw3zqrh	5922378.0	fl:mi_ln:kagan-7	ur6oxv5ol8vcom682nm8dsmkv	Michael	Kagan	0.0	False	False	ur6oxv5ol8vcom682nm8dsmkv	e7275ca8-cb8f-11eb-9615-121df0c29c1e	Jerusalem		IL	31.7959|35.212	Michael Kagan	1	0	0	A
US5097982-0	9115	niov5fxd2orctngjhyqwieczd	5097982.0	fl:da_ln:kedem-1	pi7j0v40pr3i1v4wlnzvusgbg	Dan	Kedem	0.0	False	False	pi7j0v40pr3i1v4wlnzvusgbg	e5e5aff8-09bd-11ec-893a-12de62d610b1	Rehovot		IL	31.8947|34.8044	Dan Kedem	1	0	0	A
US5205828-0	9125	h1lgbe1zpttq44je2n2vh0r4e	5205828.0	fl:da_ln:kedem-1	pn7k2vwisy4lx163haiiiw4yr	Dan	Kedem	0.0	False	False	pn7k2vwisy4lx163haiiiw4yr	e5e5aff8-09bd-11ec-893a-12de62d610b1	76283 Rehovot		IL	31.8947|34.8044	Dan Kedem	1	0	0	A
US5638395-1	9807	n7my8zfzukvahb7v51zuf3x78	5638395.0	fl:vl_ln:krupkin-1	0gfg4s4w7be3uoh6fzlomcpqy	Vladimir	Krupkin	1.0	False	False	0gfg4s4w7be3uoh6fzlomcpqy	ec64093c-09bd-11ec-893a-12de62d610b1	Rishon LeZion		IL	31.9752|34.7809	Vladimir Krupkin	1	0	0	A
US5862799-1	9810	gewnfaom57zwfuyhsldf79jub	5862799.0	fl:vl_ln:krupkin-1	y82ds5img2dvbrzxir1y5kx5r	Vladimir	Krupkin	1.0	False	False	y82ds5img2dvbrzxir1y5kx5r	ec64093c-09bd-11ec-893a-12de62d610b1	Rishon		IL	31.9752|34.7809	Vladimir Krupkin	1	0	0	A
US4830903-0	10605	di62zvvx67vo30rt7cqj65p0p	4830903.0	fl:mo_ln:levy-4	azf68kifj6bkvtz0hewmd4x3g	Moshe	Levy	0.0	False	False	azf68kifj6bkvtz0hewmd4x3g	3e6b8310-cb8e-11eb-9615-121df0c29c1e	Claymont	DE	US	39.8007|-75.4596	Moshe Levy	1	0	0	A
US4154020-1	10610	llsb31w3m8crviqz1a13d14gl	4154020.0	fl:mo_ln:levy-4	65upfuftti3tdzxa8ehzyh2go	Moshe	Levy	1.0	False	False	65upfuftti3tdzxa8ehzyh2go	d10d825d-cb8e-11eb-9615-121df0c29c1e	Havazelet Hasharon 42937		IL	32.361|34.8617	Moshe Levy	1	0	0	A
US5586132-0	10673	wmz8cv491ku7eusg2mq1ayhkc	5586132.0	fl:ur_ln:levy-1	7f92ehm3w4f6152la63b1d25m	Uri	Levy	0.0	False	False	7f92ehm3w4f6152la63b1d25m	e5e5aff8-09bd-11ec-893a-12de62d610b1	Rehovot		IL	31.8947|34.8044	Uri Levy	1	0	0	A
US4992073-0	10677	mqo4d6mggeb3uou7c3qdx5omx	4992073.0	fl:ur_ln:levy-1	z3ouuc1eohwtzelj0c7zezqun	Uri	Levy	0.0	False	False	z3ouuc1eohwtzelj0c7zezqun	dd9b3d11-09bc-11ec-893a-12de62d610b1	Holon		IL	32.014|34.7868	Uri Levy	1	0	0	A
US5619493-1	10909	xm5i8ywd6esot92r7rsb3mkiy	5619493.0	fl:no_ln:livneh-1	vjemd42mxdaqisespn389vnk8	Noam	Livneh	1.0	False	False	vjemd42mxdaqisespn389vnk8	e90fb8cd-cb8e-11eb-9615-121df0c29c1e	D.N. Misgav		IL	32.9338|35.2216	Noam Livneh	1	0	0	A
US5428818-1	10911	qoamy5g5tdtbk3tl2b64hm3r8	5428818.0	fl:no_ln:livneh-1	041l39bvbtlzpv2qet13xujp1	Noam	Livneh	1.0	False	False	041l39bvbtlzpv2qet13xujp1	e90fb8cd-cb8e-11eb-9615-121df0c29c1e	D.N. Misgav		IL	32.9338|35.2216	Noam Livneh	1	0	0	A
US4784071-1	11104	uzqvsa528rleaq13ksrpp463x	4784071.0	fl:ya_ln:makover-1	z1mtg6wqot9lz5roieftu8eo3	Yaakov	Makover	1.0	False	False	z1mtg6wqot9lz5roieftu8eo3	fd3c2694-cb90-11eb-9615-121df0c29c1e	Moshav Beit Elazari		IL	31.8461|34.8031	Yaakov Makover	1	0	0	A
US4932343-2	11105	ezxvv8xttbyefsanv638pi8tq	4932343.0	fl:ya_ln:makover-1	jdnzzlvr78e7lxc33r2qnngjt	Yaakov	Makover	2.0	False	False	jdnzzlvr78e7lxc33r2qnngjt	fd3c2694-cb90-11eb-9615-121df0c29c1e	Moshav Beit Elazari		IL	31.8461|34.8031	Yaakov Makover	1	0	0	A
US4719915-1	13251	31nqlskjoywyje004x8bcj4k0	4719915.0	fl:am_ln:porat-3	zqb30ifot5bmu5e55igwo9xnp	Amir	Porat	1.0	False	False	zqb30ifot5bmu5e55igwo9xnp	dccc1d61-cb90-11eb-9615-121df0c29c1e	Givat Shaul, Ramat Eilan		IL	31.7911|35.1931	Amir Porat	1	0	0	A
US5528786-0	13262	nxy2znzv5r93lrsvtji4kqf1i	5528786.0	fl:am_ln:porat-3	amjygdfcbz7gr06c4sboz2gtv	Amir	Porat	0.0	False	False	amjygdfcbz7gr06c4sboz2gtv	e61d8483-cb90-11eb-9615-121df0c29c1e	Ganei-Yehuda 56905		IL	32.0495|34.8781	Amir Porat	1	0	0	A
US4289690-1	14453	shykeg4d4bd4sjviah8dtbs9r	4289690.0	fl:me_ln:rubinstein-1	7b0c9dso8b5soevct60mp6ys1	Menachem	Rubinstein	1.0	False	False	7b0c9dso8b5soevct60mp6ys1	3506c977-cb8f-11eb-9615-121df0c29c1e	Rimon		IL		Menachem Rubinstein	1	0	0	A
US4503035-1	14455	mq6l9olvy6wl5fo4zkt1qt8uh	4503035.0	fl:me_ln:rubinstein-1	kh7xoxxteq7jt8zt0cl5aom2a	Menachem	Rubinstein	1.0	False	False	kh7xoxxteq7jt8zt0cl5aom2a	3506c977-cb8f-11eb-9615-121df0c29c1e	Rimon		IL		Menachem Rubinstein	1	0	0	A
US4980161-0	15104	tmyak72m4ar5409mzt3gamhxv	4980161.0	fl:il_ln:sela-2	edeaegu72ehda719xfyt4ic9h	Ilan	Sela	0.0	False	False	edeaegu72ehda719xfyt4ic9h	e5e5aff8-09bd-11ec-893a-12de62d610b1	Rehovot		IL	31.8947|34.8044	Ilan Sela	1	0	0	A
US5002273-0	15105	j23jrx5pjw9p0pwzne9ghcgza	5002273.0	fl:il_ln:sela-2	b6x0v1h1nfb93dn3voedoog4o	Ilan	Sela	0.0	False	False	b6x0v1h1nfb93dn3voedoog4o	b5ce8f24-cb8f-11eb-9615-121df0c29c1e	Ramot Sapir, Haifa		IL	32.786|35.0041	Ilan Sela	1	0	0	A
US5332622-0	15763	qswpeh5cppx534hm6ynv27csu	5332622.0	fl:it_ln:shoher-1	exn6vjm69y4ig0b2izbik71vs	Itzhak	Shoher	0.0	False	False	exn6vjm69y4ig0b2izbik71vs	e67cdd38-cb8e-11eb-9615-121df0c29c1e	Tel-Aviv		IL	32.0887|34.7831	Itzhak Shoher	1	0	0	A
US5549555-0	16237	igaf6i13tj21we54nln3fsdsd	5549555.0	fl:ze_ln:sohn-10	4671ywpxot9krhzgnlh7figs7	Ze'ev	Sohn	0.0	False	False	4671ywpxot9krhzgnlh7figs7	efa09440-cb90-11eb-9615-121df0c29c1e	Modiin		IL	31.8952|34.9894	Ze'ev Sohn	1	0	0	A
US5674247-0	16238	8s6vw8swmv54zhamruos84g0x	5674247.0	fl:ze_ln:sohn-10	17l2ck0mw7cp6by0bunm5a8ww	Ze'ev	Sohn	0.0	False	False	17l2ck0mw7cp6by0bunm5a8ww	efa09440-cb90-11eb-9615-121df0c29c1e	Modiin		ILX	31.8952|34.9894	Ze'ev Sohn	1	0	0	A
US5873891-0	16239	sd973e61lhqrk0c0sl6dwgpx7	5873891.0	fl:ze_ln:sohn-10	w1etmx205gc95wdd1cjnwe8nf	Ze'ev	Sohn	0.0	False	False	w1etmx205gc95wdd1cjnwe8nf	efa09440-cb90-11eb-9615-121df0c29c1e	Modiin		IL	31.8952|34.9894	Ze'ev Sohn	1	0	0	A
US4580876-1	16522	j57ec7m5l44ravusyj5eijyey	4580876.0	fl:ad_ln:stolov-1	m2bcqfu3sol614eshpdwctbah	Adi	Stolov	1.0	False	False	m2bcqfu3sol614eshpdwctbah	c86180b1-cb8f-11eb-9615-121df0c29c1e	Nof Yam		IL	31.7018|34.6113	Adi Stolov	1	0	0	A
US5706062-0	16528	orgudblu891zycahp38m33tag	5706062.0	fl:ad_ln:stolov-1	og593frw2i3tpzjwt87z2e6xq	Adi	Stolov	0.0	False	False	og593frw2i3tpzjwt87z2e6xq	b5faf176-09bc-11ec-893a-12de62d610b1	Herzliya		ILX	32.1729|34.8272	Adi Stolov	1	0	0	A
US5568550-0	16971	l33gd6cs94ggue57nr82em8rj	5568550.0	fl:sh_ln:ur-5	yuuy179kg9etd5r3h83uv2bxa	Shmuel	Ur	0.0	False	False	yuuy179kg9etd5r3h83uv2bxa	e67cdd38-cb8e-11eb-9615-121df0c29c1e	Tel Aviv 69395		IL	32.0887|34.7831	Shmuel Ur	1	0	0	A
US5813771-0	16972	r0ae8hhermj9slc2g0rp79uqo	5813771.0	fl:sh_ln:ur-5	kszdcut4269e8qct2pogc1t7n	Shmuel	Ur	0.0	False	False	kszdcut4269e8qct2pogc1t7n	e90fb8cd-cb8e-11eb-9615-121df0c29c1e	Misgav		ILX	32.9338|35.2216	Shmuel Ur	1	0	0	A
US5917825-0	19010	zvf7tpw86rsax5tobilkp9jsc	5917825.0	fl:ro_ln:cohen-25	0vienotyrxg09ydib0kpbnzv7	Ron	Cohen	0.0	False	False	0vienotyrxg09ydib0kpbnzv7	e5e5aff8-09bd-11ec-893a-12de62d610b1	Rehovot		IL	31.8947|34.8044	Ron Cohen	1	0	0	A
US4871555-0	19134	m2ukt7olvadu1fxt1249ycguz	4871555.0	fl:er_ln:schwartz-23	j8jza1no0pbgvzjl39xq0t3h8	Erez	Schwartz	0.0	False	False	j8jza1no0pbgvzjl39xq0t3h8	e77ce0c8-cb8e-11eb-9615-121df0c29c1e	Bnei-Brak		IL	32.0891|34.8342	Erez Schwartz	1	0	0	A
US4120649-0	19139	9t3drqhp3alxdl03278kw4dt4	4120649.0	fl:is_ln:schechter-1	li9893r0cw4j75qo8cfgo9ncy	Israel	Schechter	0.0	False	False	li9893r0cw4j75qo8cfgo9ncy	4e539efd-cb8e-11eb-9615-121df0c29c1e	Rehovoth		IL		Israel Schechter	1	0	0	A
US5989036-0	19301	4fclt6dnfok4ed7mjyxwitni7	5989036.0	fl:er_ln:schwartz-23	umjagaz9fc61nq2z483gixmbt	Erez	Schwartz	0.0	False	False	umjagaz9fc61nq2z483gixmbt	fbc1d302-cb8e-11eb-9615-121df0c29c1e	47231 Ramat Hasharon		IL	32.1353|34.8304	Erez Schwartz	1	0	0	A
US5880830-0	19303	baapt3cdho4o9rlodsfgrnfbc	5880830.0	fl:is_ln:schechter-1	7nviypey2y5r89eymml48vgaw	Israel	Schechter	0.0	False	False	7nviypey2y5r89eymml48vgaw	4dd2dbfc-cb8e-11eb-9615-121df0c29c1e	Technion		IL		Israel Schechter	1	0	0	A
US4859157-0	123	66h0gj0obxe6un531s4y0w8ik	4859157.0	fl:da_ln:adler-7	rtxx7k9pc8tbhuky1z5wpc3ya	Dan	Adler	0.0	False	False	rtxx7k9pc8tbhuky1z5wpc3ya	fb7d135a-cb8f-11eb-9615-121df0c29c1e	Haifa		IL	32.8003|35.0085	Dan Adler	1	0	0	B
US5102908-0	279	bjx1iz8f1d7yde7oqjz29twn5	5102908.0	fl:mi_ln:albeck-1	7xk8p2j6lirj8wkn5frmjzmve	Michael	Albeck	0.0	False	False	7xk8p2j6lirj8wkn5frmjzmve	fe9ae00e-09bd-11ec-893a-12de62d610b1	Ramat Gun		IL	32.071|34.827	Michael Albeck	1	0	0	B
US4364914-2	306	kld5njis5ljhj8k9s9704kztc	4364914.0	fl:am_ln:alexandron-1	kc27yjuvdapke9lrr515w194v	Amiad	Alexandron	2.0	False	False	kc27yjuvdapke9lrr515w194v	fb7d135a-cb8f-11eb-9615-121df0c29c1e	Haifa		IL	32.8003|35.0085	Amiad Alexandron	1	0	0	B
US4437263-1	470	v1swbfsfisv27okzbztffpp3c	4437263.0	fl:ab_ln:amiel-1	chj7b1r7pv64mdbabv4j416bw	Abraham J.	Amiel	1.0	False	False	chj7b1r7pv64mdbabv4j416bw	67db94e2-cb90-11eb-9615-121df0c29c1e	Moshav Ramot Meir		IL	31.8746|34.8558	Abraham J. Amiel	1	0	0	B
US5870615-0	1155	wsipr1pjqegkvo1kgq0fmjjxa	5870615.0	fl:da_ln:baron-4	z5kn6e8ce7hmxlmb0g6uksi1f	David	Bar-On	0.0	False	False	z5kn6e8ce7hmxlmb0g6uksi1f	f1c2db57-cb90-11eb-9615-121df0c29c1e	Givat Ela		IL	32.7209|35.2449	David Bar-On	1	0	0	B
US5351858-0	1186	c64vyd2zi2b8py84xiq1lw9uq	5351858.0	fl:it_ln:baryona-2	co47l5yt0t3q7mhj6q0moq88y	Itzhak	Bar-Yona	0.0	False	False	co47l5yt0t3q7mhj6q0moq88y	7fcc79cd-cb8e-11eb-9615-121df0c29c1e	Neve Monoson		IL	32.0295|34.8718	Itzhak Bar-Yona	1	0	0	B
US5799072-1	1202	g4uw12bzdzaa99hzvc5hajq10	5799072.0	fl:gi_ln:barak-5	5hondjn28difq48i30702rdk6	Gideon	Barak	1.0	False	False	5hondjn28difq48i30702rdk6	fdce9822-cb8e-11eb-9615-121df0c29c1e	Raanana		ILX	32.1863|34.8692	Gideon Barak	1	0	0	B
US5284867-4	1723	gy8hosvfw7mj8pxhd3b6zvaxq	5284867.0	fl:si_ln:benita-1	ia3o1skxcgm1tjhmokouwhyl9	Simon	Benita	4.0	False	False	ia3o1skxcgm1tjhmokouwhyl9	f9f856e0-09bb-11ec-893a-12de62d610b1	Mevasseret Zion		IL	31.7705|35.2293	Simon Benita	1	0	0	B
US4516018-0	2223	x0fp0auq7hap11ycgm6x0zhb9	4516018.0	fl:jo_ln:bodenheimer-1	l8cn73atpkd4ixkzc2dzfp8k8	Joseph S.	Bodenheimer	0.0	False	False	l8cn73atpkd4ixkzc2dzfp8k8	e7275ca8-cb8f-11eb-9615-121df0c29c1e	Jerusalem		IL	31.7959|35.212	Joseph S. Bodenheimer	1	0	0	B
US5624508-1	2609	4qejn4sj147fox5nwcv0pj0i2	5624508.0	fl:na_ln:budigina-3	er31hlgskxfnlexywdmueawfk	Nathaly	Budigina	1.0	False	False	er31hlgskxfnlexywdmueawfk	dd9b3d11-09bc-11ec-893a-12de62d610b1	Holon 58824		IL	32.014|34.7868	Nathaly Budigina	1	0	0	B
US5159761-0	2686	db12871rxzmdkv3lhs8zrlb6o	5159761.0	fl:ur_ln:cagan-1	4biknby0q2nc4bkkdkbwp4c77	Uri	Cagan	0.0	False	False	4biknby0q2nc4bkkdkbwp4c77	46084ab6-cb8e-11eb-9615-121df0c29c1e	Kibbutz Amiad		IL		Uri Cagan	1	0	0	B
US4315973-2	2694	j4113ctiujmc3qs5asi7cli8e	4315973.0	fl:da_ln:cahen-1	tt2f8k6ykipu3344owtcsp1cc	David	Cahen	2.0	False	False	tt2f8k6ykipu3344owtcsp1cc	e5e5aff8-09bd-11ec-893a-12de62d610b1	Rehovot		IL	31.8947|34.8044	David Cahen	1	0	0	B
US4587221-0	2704	i0vnrprkok5gr1ywwl4wltyju	4587221.0	fl:mi_ln:cais-1	vjbe8ob85isbslqa226oibprv	Michael	Cais	0.0	False	False	vjbe8ob85isbslqa226oibprv	fb7d135a-cb8f-11eb-9615-121df0c29c1e	Haifa		IL	32.8003|35.0085	Michael Cais	1	0	0	B
US5636797-0	2910	tm05y73ps0r6077jx3y1b8sfj	5636797.0	fl:am_ln:cohen-12	q7md3xllykpqo7hreedw3knkn	Amir	Cohen	0.0	False	False	q7md3xllykpqo7hreedw3knkn	fa6b6d60-cb8f-11eb-9615-121df0c29c1e	20 142 Doar Na Gush Segev		IL	33.0244|35.4459	Amir Cohen	1	0	0	B
US5780034-0	3045	gfhn28jxayyoebh8cmj6i81jk	5780034.0	fl:ir_ln:cohen-1	ir01fed5gvfhd3r9fytbtjk6q	Irun R.	Cohen	0.0	False	False	ir01fed5gvfhd3r9fytbtjk6q	e5e5aff8-09bd-11ec-893a-12de62d610b1	Rehovot		ILX	31.8947|34.8044	Irun R. Cohen	1	0	0	B
US5752880-2	3120	ovt0eckyb4l6p0q8t542io6f7	5752880.0	fl:mo_ln:cohen-17	udx2tm0dh6wscv43lpwe0jldz	Moshe	Cohen	2.0	False	False	udx2tm0dh6wscv43lpwe0jldz	e67cdd38-cb8e-11eb-9615-121df0c29c1e	Tel Aviv		ILX	32.0887|34.7831	Moshe Cohen	1	0	0	B
US5909384-2	3126	ri1fhey8l357q1hsqbvu8mvsj	5909384.0	fl:ro_ln:cohen-25	ium26d2c4js5yqn66isyss2ci	Ron	Cohen	2.0	False	False	ium26d2c4js5yqn66isyss2ci	fbc1d302-cb8e-11eb-9615-121df0c29c1e	Ramat Hasharon		IL	32.1353|34.8304	Ron Cohen	1	0	0	B
US4445175-0	3242	bgulhuk1wf3h44ph9li26qi2n	4445175.0	fl:yi_ln:cohen-1	016b86l7e7x1xgkcd5tfdugtj	Yitzhak	Cohen	0.0	False	False	016b86l7e7x1xgkcd5tfdugtj	effe2f66-cb8e-11eb-9615-121df0c29c1e	Yahud		IL	32.0332|34.8908	Yitzhak Cohen	1	0	0	B
US5487955-2	3539	9j7phxbzpyhc4osoz04prpzhc	5487955.0	fl:bo_ln:dechovich-1	62ybu5xk4fuhy3clqqwa3ffgc	Boris	Dechovich	2.0	False	False	62ybu5xk4fuhy3clqqwa3ffgc	e7275ca8-cb8f-11eb-9615-121df0c29c1e	Jerusalem		IL	31.7959|35.212	Boris Dechovich	1	0	0	B
US5845520-0	3666	unev6uonbv2giaus037lsyh90	5845520.0	fl:mo_ln:dolev-1	vlw5ei4fx4sffmdocj2kqzf1o	Moshe	Dolev	0.0	False	False	vlw5ei4fx4sffmdocj2kqzf1o	fdce9822-cb8e-11eb-9615-121df0c29c1e	Raanana		ILX	32.1863|34.8692	Moshe Dolev	1	0	0	B
US5112341-0	3667	12mnoc4fc3g9y8rmwn9gpc0ld	5112341.0	fl:mo_ln:doley-1	r9mwknvasxdy7qa7ug29mhggw	Moshe	Doley	0.0	False	False	r9mwknvasxdy7qa7ug29mhggw	fbc1d302-cb8e-11eb-9615-121df0c29c1e	Ramat Hasharon		IL	32.1353|34.8304	Moshe Doley	1	0	0	B
US5807471-0	3814	i043wl3u7n67lsnndj2yltry9	5807471.0	fl:mi_ln:dror-2	4pgydrarcbcs7vntmouun1ufa	Michael	Dror	0.0	False	False	4pgydrarcbcs7vntmouun1ufa	ed3bd90d-09bd-11ec-893a-12de62d610b1	Parker	CO	US	39.508|-104.758	Michael Dror	1	0	0	B
US5592515-2	3985	hsi00ay3ptksodhc7m3mbod6z	5592515.0	fl:av_ln:efendovich-1	63d1k02vjb1bf089tlg7i2vy7	Avner	Efendovich	2.0	False	False	63d1k02vjb1bf089tlg7i2vy7	e7275ca8-cb8f-11eb-9615-121df0c29c1e	Jerusalem		IL	31.7959|35.212	Avner Efendovich	1	0	0	B
US5407255-0	4606	jr7zlfkrqas5zf1m5g61gae2p	5407255.0	fl:jo_ln:feldman-19	utnak05aj2t0prznnhnwbcnvi	Joseph	Feldman	0.0	False	False	utnak05aj2t0prznnhnwbcnvi	e67cdd38-cb8e-11eb-9615-121df0c29c1e	Tel Aviv		IL	32.0887|34.7831	Joseph Feldman	1	0	0	B
US4996276-0	4932	qddq351ofz9l2iwv6kabihu2q	4996276.0	fl:th_ln:fishler-2	08vn7oshoxtsrald08tkyb6he	Theodor-Morel	Fishler	0.0	False	False	08vn7oshoxtsrald08tkyb6he	fb7d135a-cb8f-11eb-9615-121df0c29c1e	Haifa		IL	32.8003|35.0085	Theodor-Morel Fishler	1	0	0	B
US5592129-0	5474	wei56gv24toi8mgcejk5gyad9	5592129.0	fl:ra_ln:fried-2	vj7gy7rtwqprjo832oksc1wak	Rafael	Fried	0.0	False	False	vj7gy7rtwqprjo832oksc1wak	dacf0d31-cb8e-11eb-9615-121df0c29c1e	Caesarea		IL	32.5115|34.9058	Rafael Fried	1	0	0	B
US4856597-0	5884	ouia7zrww5m8lco1iw790saso	4856597.0	fl:sh_ln:gal-1	83yeuwnr2kx8co0werydrk5pv	Shmuel	Gal	0.0	False	False	83yeuwnr2kx8co0werydrk5pv	e67cdd38-cb8e-11eb-9615-121df0c29c1e	Tel Aviv		IL	32.0887|34.7831	Shmuel Gal	1	0	0	B
US5678025-1	6005	0cfzii887shxynnb9d2jf1vdw	5678025.0	fl:da_ln:gavish-1	j54u1lt2vgxihmmj63q4uxt37	Dan	Gavish	1.0	False	False	j54u1lt2vgxihmmj63q4uxt37	fb7d135a-cb8f-11eb-9615-121df0c29c1e	Haifa		ILX	32.8003|35.0085	Dan Gavish	1	0	0	B
US5646525-0	6222	aelflbh3p2af7sysashkrh92i	5646525.0	fl:pi_ln:gilboa-1	vjtt8p8x9mqfu1e7l4h44t7bp	Pinhas	Gilboa	0.0	False	False	vjtt8p8x9mqfu1e7l4h44t7bp	fb7d135a-cb8f-11eb-9615-121df0c29c1e	Haifa		IL	32.8003|35.0085	Pinhas Gilboa	1	0	0	B
US5592366-0	6535	unym7anlvb03rsi6zgd721re1	5592366.0	fl:ja_ln:goldman-11	bqzlv7jmf92flr2tkdo0rjxlf	Jacob	Goldman	0.0	False	False	bqzlv7jmf92flr2tkdo0rjxlf	e8f20d31-09be-11ec-893a-12de62d610b1	Irvine	CA	US	33.6865|-117.77	Jacob Goldman	1	0	0	B
US4759382-0	7856	pscbohmgjxe3ncwlseqxgolib	4759382.0	fl:ze_ln:harel-2	n24ud04r3eek3u4jy0s3ryu56	Zeev	Harel	0.0	False	False	n24ud04r3eek3u4jy0s3ryu56	e67cdd38-cb8e-11eb-9615-121df0c29c1e	Tel Aviv		IL	32.0887|34.7831	Zeev Harel	1	0	0	B
US3999990-0	8609	q7cqfjqu612vum2e05sdvqu9e	3999990.0	fl:me_ln:janai-1	0xnngn6lrncgwpoy0ueniv0wa	Meir	Janai	0.0	False	False	0xnngn6lrncgwpoy0ueniv0wa	fb7d135a-cb8f-11eb-9615-121df0c29c1e	Haifa		IL	32.8003|35.0085	Meir Janai	1	0	0	B
US4875971-1	8615	0vi0rx7c9smg0l96imoqg34n7	4875971.0	fl:me_ln:janai-1	6wclb79f43jds0krciidmr5cc	Meir I.	Janai	1.0	False	False	6wclb79f43jds0krciidmr5cc	fb7d135a-cb8f-11eb-9615-121df0c29c1e	Haifa		IL	32.8003|35.0085	Meir I. Janai	1	0	0	B
US5717898-0	8690	58m51qn3wt3olbo69z8749xgz	5717898.0	fl:mi_ln:kagan-8	brdqag9srlmsm2yxyodeo2gzo	Michael	Kagan	0.0	False	False	brdqag9srlmsm2yxyodeo2gzo	fb7d135a-cb8f-11eb-9615-121df0c29c1e	Haifa		ILX	32.8003|35.0085	Michael Kagan	1	0	0	B
US5097982-0	9115	niov5fxd2orctngjhyqwieczd	5097982.0	fl:da_ln:kedem-1	pi7j0v40pr3i1v4wlnzvusgbg	Dan	Kedem	0.0	False	False	pi7j0v40pr3i1v4wlnzvusgbg	e5e5aff8-09bd-11ec-893a-12de62d610b1	Rehovot		IL	31.8947|34.8044	Dan Kedem	1	0	0	B
US5638395-1	9807	n7my8zfzukvahb7v51zuf3x78	5638395.0	fl:vl_ln:krupkin-1	0gfg4s4w7be3uoh6fzlomcpqy	Vladimir	Krupkin	1.0	False	False	0gfg4s4w7be3uoh6fzlomcpqy	ec64093c-09bd-11ec-893a-12de62d610b1	Rishon LeZion		IL	31.9752|34.7809	Vladimir Krupkin	1	0	0	B
US4668354-0	10605	k9st48yodw8gwc2p4swrlderd	4668354.0	fl:mo_ln:levy-4	lfz8hqo4g77o9kbwgodrusbwa	Moshe	Levy	0.0	False	False	lfz8hqo4g77o9kbwgodrusbwa	3e6b8310-cb8e-11eb-9615-121df0c29c1e	Claymont	DE	US	39.8007|-75.4596	Moshe Levy	1	0	0	B
US4695332-1	10673	0hv00rhcpc8wu5b42m8sy1769	4695332.0	fl:ur_ln:levy-1	669fs5xgo9qy4tjsd6tfj417p	Uri	Levy	1.0	False	False	669fs5xgo9qy4tjsd6tfj417p	72585b45-cb8e-11eb-9615-121df0c29c1e	Berkeley Heights	NJ	US	40.6764|-74.4223	Uri Levy	1	0	0	B
US5737358-2	10909	ecl700up9m10m9x1f4jz6dbtv	5737358.0	fl:no_ln:livneh-1	fhx7pr8fvuws7oa0qxpeujra4	Noam	Livneh	2.0	False	False	fhx7pr8fvuws7oa0qxpeujra4	e90fb8cd-cb8e-11eb-9615-121df0c29c1e	D.N. Misgav		ILX	32.9338|35.2216	Noam Livneh	1	0	0	B
US4784071-1	11104	uzqvsa528rleaq13ksrpp463x	4784071.0	fl:ya_ln:makover-1	z1mtg6wqot9lz5roieftu8eo3	Yaakov	Makover	1.0	False	False	z1mtg6wqot9lz5roieftu8eo3	fd3c2694-cb90-11eb-9615-121df0c29c1e	Moshav Beit Elazari		IL	31.8461|34.8031	Yaakov Makover	1	0	0	B
US4757730-0	13251	vlqj1lo4wn7nwxobbh4hac21f	4757730.0	fl:am_ln:porat-3	yew00obvu3za2mcql6q81pugh	Amir	Porat	0.0	False	False	yew00obvu3za2mcql6q81pugh	fe9ae00e-09bd-11ec-893a-12de62d610b1	Ramat Filan		IL	32.071|34.827	Amir Porat	1	0	0	B
US4289690-1	14453	shykeg4d4bd4sjviah8dtbs9r	4289690.0	fl:me_ln:rubinstein-1	7b0c9dso8b5soevct60mp6ys1	Menachem	Rubinstein	1.0	False	False	7b0c9dso8b5soevct60mp6ys1	3506c977-cb8f-11eb-9615-121df0c29c1e	Rimon		IL		Menachem Rubinstein	1	0	0	B
US5939603-0	15104	avtac5tqxxa2l2x599y39m35o	5939603.0	fl:il_ln:sela-2	rr3sngid64dztvze9v50f53u6	Ilan	Sela	0.0	False	False	rr3sngid64dztvze9v50f53u6	ffd892ef-cb8e-11eb-9615-121df0c29c1e	Nes Ziona		IL	31.9206|34.7941	Ilan Sela	1	0	0	B
US5332622-0	15763	qswpeh5cppx534hm6ynv27csu	5332622.0	fl:it_ln:shoher-1	exn6vjm69y4ig0b2izbik71vs	Itzhak	Shoher	0.0	False	False	exn6vjm69y4ig0b2izbik71vs	e67cdd38-cb8e-11eb-9615-121df0c29c1e	Tel-Aviv		IL	32.0887|34.7831	Itzhak Shoher	1	0	0	B
US5549555-0	16237	igaf6i13tj21we54nln3fsdsd	5549555.0	fl:ze_ln:sohn-10	4671ywpxot9krhzgnlh7figs7	Ze'ev	Sohn	0.0	False	False	4671ywpxot9krhzgnlh7figs7	efa09440-cb90-11eb-9615-121df0c29c1e	Modiin		IL	31.8952|34.9894	Ze'ev Sohn	1	0	0	B
US4927240-1	16522	r31vcsze638bzeoau6ovkizrc	4927240.0	fl:ad_ln:stolov-1	tjg9btajehdazw6e7n5fujm2d	Adi	Stolov	1.0	False	False	tjg9btajehdazw6e7n5fujm2d	c86180b1-cb8f-11eb-9615-121df0c29c1e	Nof-Yam		IL	31.7018|34.6113	Adi Stolov	1	0	0	B
US5568550-0	16971	l33gd6cs94ggue57nr82em8rj	5568550.0	fl:sh_ln:ur-5	yuuy179kg9etd5r3h83uv2bxa	Shmuel	Ur	0.0	False	False	yuuy179kg9etd5r3h83uv2bxa	e67cdd38-cb8e-11eb-9615-121df0c29c1e	Tel Aviv 69395		IL	32.0887|34.7831	Shmuel Ur	1	0	0	B
US4871555-0	19134	m2ukt7olvadu1fxt1249ycguz	4871555.0	fl:er_ln:schwartz-23	j8jza1no0pbgvzjl39xq0t3h8	Erez	Schwartz	0.0	False	False	j8jza1no0pbgvzjl39xq0t3h8	e77ce0c8-cb8e-11eb-9615-121df0c29c1e	Bnei-Brak		IL	32.0891|34.8342	Erez Schwartz	1	0	0	B
US4120649-0	19139	9t3drqhp3alxdl03278kw4dt4	4120649.0	fl:is_ln:schechter-1	li9893r0cw4j75qo8cfgo9ncy	Israel	Schechter	0.0	False	False	li9893r0cw4j75qo8cfgo9ncy	4e539efd-cb8e-11eb-9615-121df0c29c1e	Rehovoth		IL		Israel Schechter	1	0	0	B
